cluster,wealth_true,wealth_pred
1,-50821.21165184946,-7416.266339349462
2,-31960.475253992015,40484.481777257985
3,-59507.96067387973,-48393.94504887973
4,-53447.39155340174,-52441.59467840174
5,2248.880031652514,-1580.8898047732673
6,-51886.54172997446,-16058.039776849462
7,-20178.082675867015,-45125.779941492015
8,-56259.381503992015,-50963.194003992015
9,-52811.76655340174,-52309.15327215174
10,-59001.04389715174,-58498.24311590174
11,-56564.67027026604,-1467.958356203541
12,-47085.40327215174,-3453.7587409017406
13,-39979.54172997446,-13994.345929193212
14,-2064.7079596517406,-23312.68061590174
15,219358.40162940053,95342.14381690054
16,-65559.94895512973,-47739.49583012973
17,-54078.12592840174,-46737.57124090174
18,222150.24537940053,179123.83912940053
19,-52094.43723637973,-49402.65598637973
20,5295.416591711108,43893.720058507985
21,122854.70443350798,23220.563808507985
22,-54466.45542651604,-46512.40073901604
23,-23637.66831714104,-1467.958356203541
24,-58532.690097742015,-49608.256503992015
25,192880.24537940053,97135.28444190054
26,-57120.49973637973,-29930.17551762973
27,-47677.67942387973,-47221.98020512973
28,82096.44069190054,112059.55787940054
29,-61060.76145512973,24098.40651362027
30,99959.32448237027,650.949482370268
31,122195.72975440054,-16058.039776849462
32,-42013.674472742015,-55098.713535242015
33,-37252.225253992015,-45930.971347742015
34,65325.35182612027,-1597.621806692232
35,-47637.62592840174,-43913.43452215174
36,-54818.25092840174,-29174.60249090174
37,-51421.29389715174,-62312.83686590174
38,-29947.43589526604,4815.8272883277095
39,-48460.904941492015,-16521.914707117015
40,-38885.87083012973,-39573.86301762973
41,-51597.04954247446,-2145.592511224462
42,46664.45631690054,115019.80787940054
43,-51334.79954247446,-37421.71751122446
44,-52539.05051762973,-2328.940166067232
45,-44237.24058276604,4079.434710202709
46,-51256.92027026604,-1467.958356203541
47,-54163.79917651604,39211.00160473396
48,-28255.04136401604,21189.87660473396
49,-33916.04527026604,28287.98793285896
50,-62300.182285242015,-53752.486972742015
51,123360.62916987027,-6646.337627004732
52,-53667.748691492015,-48078.838535242015
53,136668.75130850798,59441.661464757985
54,-49152.09077215174,-43932.01264715174
55,133091.35475440053,134447.71412940053
56,-29823.39936590174,-50473.23920965174
57,-53463.440097742015,-26338.670566492015
58,-43780.373691492015,-48028.260410242015
59,139153.12037940053,122061.87037940054
60,215007.38600440053,140899.58912940053
61,-58487.381503992015,-13209.016269617017
62,-22123.68198901604,-35840.17808276604
63,122775.82582348396,4629.0453059058345
64,-50059.37592840174,-40780.34077215174
65,-52001.29136401604,31338.09926098396
66,-1451.2084479329906,-33976.54389715174
67,-47861.37592840174,-19615.29389715174
68,-49019.42942387973,-45152.37083012973
69,101031.56157159826,-46429.48139715174
70,124303.04323237027,-2328.940166067232
71,-54362.91499090174,-32444.91889715174
72,170004.91725440053,172710.47975440053
73,31063.60121410896,36801.03285473396
74,-37674.68061590174,-40404.48530340174
75,-49369.998691492015,-61019.365878992015
76,-1185.8885840701423,-1580.8898047732673
77,-45449.119785242015,-1580.8898047732673
78,184055.94850440053,149936.19850440053
79,96881.82943350798,-8631.397128992017
80,-47841.55051762973,-62890.11301762973
81,-44279.95676762973,-36648.41379887973
82,-37970.95795965174,-56989.23139715174
83,-54162.75071434946,30542.850848150538
84,-42659.389316492015,-1580.8898047732673
85,-60419.23899559946,-40622.97727684946
86,14399.56605785896,30876.16371410896
87,-50660.197910242015,-42430.178378992015
88,48532.58891534826,-2531.0731940267406
89,-54895.25852684946,-2157.549542474462
90,-56546.56480151604,4432.3165461402095
91,93619.11849600798,-11127.119785242017
92,-58174.358066492015,-26284.942050867015
93,61460.41313409826,18267.03520441076
94,-56999.24192387973,-49123.69114262973
95,-53799.40327215174,-30064.83295965174
96,-56266.00092840174,-44644.27436590174
97,84420.09010737027,14868.496357370268
98,-48907.088535242015,-56162.608066492015
99,161812.04225440053,161243.72975440053
100,3395.047747312084,20992.78676098396
101,-1400.3912696170173,-35785.205722742015
102,-51424.45795965174,-40370.14936590174
103,-54800.36030340174,-40658.38374090174
104,-42862.248691492015,-49792.526035242015
105,-52097.947910242015,-43909.233066492015
106,-22774.70737964104,-1467.958356203541
107,-54151.23920965174,-57495.80170965174
108,-46801.75230151604,-8909.89487964104
109,-53862.50230151604,-1467.958356203541
110,-61991.32395512973,9923.263935495268
111,-64045.37592840174,-27876.46186590174
112,-55881.74058276604,-25274.70152026604
113,-52316.20542651604,-33309.40855151604
114,-54527.49839526604,-1467.958356203541
115,186266.37037940053,103386.15162940054
116,-38008.56480151604,-14577.73667651604
117,134202.08912940053,85041.65162940054
118,-51391.92161137973,-49570.10520512973
119,140025.80375909826,108878.20219659826
120,-57140.91499090174,-46273.02045965174
121,-56179.608066492015,-52301.705722742015
122,-59107.60249090174,-42230.17280340174
123,143220.26100440053,135588.72975440053
124,-27415.96067387973,-64819.65208012973
125,-52513.22105151604,-22953.31870776604
126,-61140.69895512973,-56867.25364262973
127,152531.26100440053,167064.51100440053
128,-49781.78489262973,-40400.51926762973
129,-24134.66770512973,-48242.29661137973
130,-52176.283847742015,-46510.412753992015
131,-4227.086865901741,-2531.0731940267406
132,-40150.873691492015,-43001.486972742015
133,-54594.52024559946,-31426.665753411962
134,-69055.34837059946,33019.97584815054
135,-53405.50364262973,-63411.76145512973
136,123475.32350440054,38907.34303565054
137,127201.31380850798,72061.64193350798
138,-55842.37864262973,-21801.71458012973
139,-42280.99973637973,-6169.531962942232
140,-67636.50364262973,-14151.452861379732
141,-54758.830722742015,-29176.805332117015
142,-49205.90208012973,-13969.273173879732
143,-32861.84995776604,-1467.958356203541
144,85747.63051098396,-5603.2244694847905
145,-54350.87473637973,-12020.747783254732
146,137687.94438409826,-5558.018506526741
147,323593.91176098393,41651.34926098396
148,-56126.049472742015,-1580.8898047732673
149,-27507.08042651604,-22154.19956714104
150,-55047.623691492015,-43533.311191492015
151,-55557.91108465174,-29121.26264715174
152,-56943.68198901604,10852.37074535896
153,-52556.37571434946,-18443.930645990087
154,-54191.877597742015,-1580.8898047732673
155,-47279.74839526604,-31451.47300464104
156,-17251.45933276604,-31187.27573901604
157,114117.62916987027,24122.64088862027
158,-54958.00092840174,-42547.67280340174
159,-41124.623691492015,-1580.8898047732673
160,160808.15162940053,184907.63600440053
161,-7843.0950749535405,-29353.53941089104
162,-52541.41770512973,-43245.37473637973
163,-52184.13254887973,-44291.44504887973
164,248914.85475440053,123983.58912940054
165,-52147.54270512973,-2328.940166067232
166,-417.999736379732,-48813.25364262973
167,-49706.60911137973,-54932.39426762973
168,3125.695696530834,-22947.15659839104
169,-41439.95188622446,-36300.93626122446
170,-41345.16672997446,-3452.613019036962
171,-35428.36301762973,9596.473896432768
172,-54087.71458012973,22167.00026362027
173,84739.63600440054,120543.33912940054
174,-47084.31733465174,-51969.11420965174
175,-45922.36167651604,-1467.958356203541
176,173684.57350440053,140393.16725440053
177,-21437.12473637973,44968.10963862027
178,-53114.90989262973,62694.01979487027
179,-60347.096347742015,-54800.248691492015
180,-31333.17551762973,-43408.59348637973
181,-50959.03999090174,-35191.96577215174
182,-55951.31870776604,-47869.58042651604
183,112446.62037940054,142959.16725440053
184,-25772.08295965174,-2531.0731940267406
185,27836.60707348396,17554.04066723396
186,112557.24537940054,160822.15162940053
187,-51813.91108465174,-59038.31342840174
188,2222.3999505045094,-38954.26655340174
189,-55887.29661137973,-6076.357158254732
190,-51616.20286137973,-44895.77708012973
191,-51985.04389715174,-2531.0731940267406
192,-51443.47886401604,-2744.821637453541
193,71194.91537100798,37267.114589757985
194,156338.52662940053,117107.44850440054
195,-48690.58958012973,-32242.92161137973
196,11117.52641534826,-2531.0731940267406
197,-55758.076816492015,-51949.822910242015
198,30799.374285650538,98020.70631690054
199,-59241.643222742015,-48700.190097742015
200,-50815.236972742015,-51423.315097742015
201,-55990.23899559946,-41533.52024559946
202,-40264.23667651604,-16855.19761401604
203,84380.40755850798,-1580.8898047732673
204,-33824.39292651604,-4588.1863835472905
205,138630.42318350798,-29570.297519617015
206,-56626.131503992015,-37589.635410242015
207,-53958.95933276604,5909.6251398902095
208,-57161.76264715174,-45288.85249090174
209,276156.57350440056,153434.83912940053
210,44598.227871007985,-37427.018222742015
211,-56221.96067387973,-8855.098369192232
212,-51927.77708012973,-52038.95676762973
213,-55526.29389715174,-2531.0731940267406
214,-49756.31733465174,-40750.41889715174
215,152878.66725440053,117059.49537940054
216,-28313.699933099462,-32973.52805809946
217,140046.38600440053,79494.30787940054
218,-16346.248691492017,-44284.178378992015
219,-43060.43333012973,-17801.23801762973
220,-70771.25364262973,-14573.411845754732
221,119570.01100440054,168600.43287940053
222,-42089.358066492015,-46548.990878992015
223,-44098.076816492015,-49087.287753992015
224,-48299.54270512973,-26853.80442387973
225,-53808.73920965174,-59443.94624090174
226,19985.761074132985,-33720.506503992015
227,-49601.99876122446,81894.53444190054
228,-45995.86948901604,177.30293530036545
229,-55644.52024559946,-45041.16282372446
230,121562.12037940054,144448.27662940053
231,91750.29037100798,-1580.8898047732673
232,-50872.04136401604,-4311.5945866722905
233,55437.83363598396,-4886.4129460472905
234,-1871.5651674744622,-33338.27415184946
235,-10396.03941089104,-1467.958356203541
236,-53907.36167651604,-19121.77769214104
237,-43368.81342840174,-30904.02045965174
238,-55056.33686590174,-10328.58100652674
239,-45518.62730151604,-8961.15562182854
240,111461.62135737027,5642.529804635893
241,-59008.311191492015,-38692.186191492015
242,-52225.00230151604,-34137.17027026604
243,22271.31996410896,6091.9220148902095
244,-21204.99897527674,-45616.41499090174
245,130082.13698237027,64309.01979487027
246,145540.55787940053,125667.19850440054
247,-53548.721347742015,-45215.502597742015
248,-46237.20933276604,-29187.99448901604
249,-48615.77317387973,-2328.940166067232
250,181896.16725440053,111563.81569190054
251,-47111.75364262973,-6740.408916067232
252,-56127.57905340174,-48058.56342840174
253,-39332.897128992015,-45821.174472742015
254,26908.08168285896,15808.90101879646
255,-56066.838535242015,-51787.065097742015
256,131386.32350440053,117232.83912940054
257,-49588.99876122446,-48565.35813622446
258,-27313.48139715174,-20808.05561590174
259,150207.87037940053,144822.35475440053
260,-18298.105206536962,-37691.55540184946
261,92746.14613598396,-1467.958356203541
262,42482.223964757985,-38905.748691492015
263,-49916.29136401604,-33216.43198901604
264,-60538.87864262973,-2328.940166067232
265,-53764.41379887973,-55604.06614262973
266,-55979.58567387973,-2328.940166067232
267,-18115.54136401604,-30123.85972339104
268,-50380.52045965174,-30402.06733465174
269,-58028.18061590174,-52305.36420965174
270,1177.714130807768,-53555.80442387973
271,-49140.61167651604,-63316.36558276604
272,-29434.71967840174,-38195.93061590174
273,158476.96412940053,108538.86256690054
274,158444.29225440053,-16058.039776849462
275,384116.79225440056,142924.90162940053
276,-21982.238925867015,-1580.8898047732673
277,95170.82719659826,-5937.159131526741
278,-59238.43723637973,-26468.73020512973
279,-52300.44504887973,-57217.01926762973
280,-55289.36030340174,-48493.85639715174
281,-56364.45286137973,-22062.49387700473
282,-30017.75874090174,-48081.37202215174
283,115958.81019848396,4657.3658625464595
284,-51223.78879887973,-49838.37083012973
285,165556.30787940053,-16058.039776849462
286,-55202.96323901604,-1467.958356203541
287,-53365.71165184946,-39068.09446434946
288,-47887.08433276604,-8284.24448901604
289,52252.47682612027,55751.42995112027
290,118371.67318350798,-53300.248691492015
291,-55296.62864262973,-4046.416728567232
292,-12376.19956714104,-24038.04722339104
293,-55398.998691492015,-44377.592441492015
294,95923.56569190054,139640.30787940053
295,142063.75688409826,77788.86625909826
296,-45161.68333012973,36754.54909174527
297,37770.11821222326,-2531.0731940267406
298,-54085.830722742015,-27914.518222742015
299,-5568.612256526741,-43092.80561590174
300,-53948.66889715174,-47614.99311590174
301,-50471.55308276604,-46121.05308276604
302,184541.59010737026,19270.96413080777
303,-55818.08176762973,-58082.31223637973
304,-54763.80149559946,-49627.23118309946
305,-45975.07905340174,-33595.84467840174
306,-4180.380811214241,-54984.64545965174
307,-53027.416660242015,-60798.194003992015
308,-58199.52317387973,-61529.28489262973
309,-38012.95933276604,-48259.12730151604
310,-57723.96067387973,-49973.52317387973
311,-50418.86811590174,-43371.12983465174
312,-51302.66499090174,-43208.47749090174
313,-51255.09348637973,-52279.07004887973
314,-45153.37983465174,-2531.0731940267406
315,-49828.721347742015,-40548.783847742015
316,66153.99537940054,148020.47975440053
317,-66138.03775399202,-48551.322910242015
318,-32961.205722742015,-53132.205722742015
319,66847.79457348396,-1895.881696047291
320,-43654.666660242015,-52667.389316492015
321,-55422.52415184946,3213.286395025538
322,109881.22194190054,-16058.039776849462
323,-54054.69370776604,-37174.63902026604
324,68285.28032159826,9728.29252862951
325,-47697.66636401604,-29700.90659839104
326,42351.41823237027,79759.52760737027
327,-48923.95933276604,-35306.56870776604
328,-68333.43842840174,-36339.95795965174
329,73586.17738598396,286.76558178474045
330,71960.40944190054,152674.27662940053
331,-52890.14426762973,-37694.36692387973
332,-54416.61948901604,-10603.47691089104
333,-56402.694003992015,-42442.752597742015
334,56953.32350440054,164559.44850440053
335,-54537.30561590174,-29676.13764715174
336,-38757.799472742015,-1580.8898047732673
337,177450.13600440053,174223.04225440053
338,-53891.71165184946,-34352.62864403696
339,-49453.00483465174,-45108.63374090174
340,-54341.31712059946,-35992.56321434946
341,-12780.479160242017,94618.68880850798
342,70249.99537940054,119105.44850440054
343,-53939.09077215174,-53533.05170965174
344,138993.50551098396,14255.48402660896
345,-53575.22629887973,-39229.49192387973
346,-57060.43842840174,-44058.50092840174
347,-51351.30308276604,-23703.77964526604
348,-37900.37473637973,-3040.105205129732
349,65738.24245112027,82949.48073237027
350,-52087.95405340174,-38705.65327215174
351,-57345.59214526604,-44768.01792651604
352,-15248.624736379732,19158.70729487027
353,-56511.21967840174,-59249.62983465174
354,8965.559902257983,-4818.414218835767
355,-35640.67808276604,80064.48207348396
356,-54907.04661137973,-43160.16770512973
357,130446.09282159826,25069.05571222326
358,-32209.54389715174,-2531.0731940267406
359,-27302.90464526604,-4234.3318913597905
360,-43177.36167651604,60980.87269848396
361,-39816.151035242015,-1580.8898047732673
362,-49584.60032372446,-37844.77219872446
363,-55237.00092840174,-49241.28217840174
364,-41656.94761401604,-12935.57066089104
365,-64144.12083012973,10517.563740182768
366,177746.32943350798,1907.4231835079827
367,37375.40162940054,-16058.039776849462
368,-55686.209628992015,-42212.428378992015
369,-51663.04527026604,-41799.68589526604
370,117855.57350440054,-16058.039776849462
371,-49958.998691492015,-43960.111972742015
372,-48266.43723637973,-54381.57786137973
373,-54083.994785242015,-20670.371738367015
374,-58922.96067387973,-33719.17551762973
375,-55206.447910242015,-49978.080722742015
376,-60981.42280340174,-53588.75092840174
377,-62715.96186590174,-22156.55170965174
378,-61821.920566492015,-62056.303378992015
379,-58405.83274559946,-49750.46165184946
380,-68795.94624090174,-2531.0731940267406
381,19347.399746007985,-1580.8898047732673
382,-17431.49973637973,-8038.180400442232
383,-55932.30540184946,-30693.286847161962
384,-49549.240878992015,-33796.092441492015
385,66340.72975440054,71518.35475440054
386,-48278.299472742015,-32909.967441492015
387,-50902.52573901604,10977.45570629646
388,-59650.86811590174,-47261.16499090174
389,-33894.49973637973,48512.91432612027
390,-44424.04954247446,-32958.13547997446
391,-54676.95405340174,-31283.96577215174
392,-10514.998691492017,-11262.438144617017
393,-29366.00230151604,-22050.76206714104
394,120483.27894848396,17750.22426098396
395,203283.43287940053,148624.99537940053
396,130817.50130850798,53431.516933507985
397,-42722.95933276604,-8064.1439030785405
398,-45265.47886401604,-21238.59800464104
399,-54202.87983465174,-48450.39545965174
400,-36323.99973637973,-1908.443095754732
401,108069.36354487027,41492.83229487027
402,-56283.955722742015,-34682.666660242015
403,38933.00160473396,-1467.958356203541
404,133616.69850440053,67800.13600440054
405,-39101.91499090174,-61624.62592840174
406,-58247.205722742015,-59632.401035242015
407,109591.33500909826,-2531.0731940267406
408,-55714.12592840174,-43592.83295965174
409,-53193.69993309946,38093.43287940054
410,10660.136494089018,54305.86745112027
411,-66817.09605151604,-57119.56089526604
412,34133.270839757985,-48396.979160242015
413,17261.91957348396,-1467.958356203541
414,204532.69850440053,165110.10475440053
415,24385.798183507985,21342.993496007985
416,-68609.34837059946,-16058.039776849462
417,-56691.78217840174,-2531.0731940267406
418,-52218.16889715174,-51629.54780340174
419,-56273.66499090174,-52129.12202215174
421,96642.24537940054,76983.09694190054
422,-46993.826816492015,-57466.244785242015
423,-55171.45286137973,-48156.10911137973
424,-57592.147128992015,-41918.108066492015
425,37474.09206049527,21872.20631830777
426,-45811.205722742015,-58216.924472742015
427,-2732.782939504732,-12817.950908254732
428,27658.636074132985,-55604.662753992015
429,-60336.12864262973,-47492.31614262973
430,132304.50551098396,-618.8102849144783
432,-43729.50230151604,-41307.23667651604
433,-54332.95014715174,-43610.19233465174
434,-45966.18333012973,-2328.940166067232
435,430611.94301098393,26428.26527660896
436,-48633.67027026604,-5318.9583562035405
437,41543.39772315054,90929.92506690054
438,-53291.95286137973,4301.2511181124555
439,-47833.54136401604,-15156.50425464104
440,1071.2632713986077,-49372.322910242015
441,464997.13051098393,16117.15785473396
442,-43135.63645512973,-56157.23020512973
443,-25146.43589526604,21598.84340160896
444,-67899.04368309946,-46373.35032372446
445,-59930.88120776604,16701.33754223396
446,151323.49537940053,134880.80787940053
447,-58139.873691492015,-1580.8898047732673
448,-61256.00071434946,-45027.53977684946
449,-52953.08567387973,-40836.57786137973
450,342372.94850440056,112166.76100440054
451,-52013.35777026604,-19007.98862964104
452,1652.0908684732594,-36314.64545965174
453,-48520.57004887973,-20659.44895512973
454,-53814.56223637973,-46179.95676762973
455,-58150.541660242015,-42901.908847742015
457,-16264.14350652674,-45779.58295965174
458,-61538.35249090174,-2531.0731940267406
459,-41061.95969872446,-30663.000714349462
460,153541.62037940053,162437.43287940053
461,-44424.65208012973,-59917.06223637973
463,-43479.95933276604,-6008.0735905785405
464,76217.66725440054,196402.46412940053
465,-56638.52045965174,-34109.63374090174
466,158674.76100440053,126293.12037940054
467,-48790.522128992015,-51051.897128992015
468,106033.79037100798,75952.25912100798
469,-49223.95795965174,-42230.51655340174
470,123606.29225440054,145420.80787940053
471,53425.60475440054,92143.48756690054
472,50288.04457348396,-1467.958356203541
473,91528.20443350798,91026.61849600798
474,-36422.29270512973,10592.021259714018
475,45136.22584815054,141938.57350440053
476,-28641.54780340174,-13941.71186590174
477,-57104.83433276604,-60668.45933276604
478,-35823.44233465174,-34408.20795965174
479,-51973.04136401604,-16512.68394214104
480,77277.63600440054,127460.72975440054
