"dept_id","dept_name","n_clusters","flag_1cluster","urban_pct","ndvi_mean","direct_mean","eblup","se_direct","se_eblup","cv_direct","cv_eblup","gamma","cv_gain","resid"
"NE003006","Gaya",7,0,20.9221759290498,0.223,-645.226755930422,-16732.8896084738,14918.033778227,5500.98082203452,2312.06062692101,32.8752591497928,0.127175440308295,2279.18536777122,16087.6628525434
"NE002006","N'Guigmi",7,0,40.8148704690449,0.5784,-2285.89364067473,13613.6440916752,23321.9037749029,5999.1931753196,1020.25323313025,44.0675041518688,0.0562629465441393,976.185728978381,-15899.5377323499
"NE002002","Diffa",18,0,20.7094577408391,0.3641,-5838.9706551455,-10976.5135886831,14478.8058717741,5510.82831578094,247.968464424716,50.2056347059292,0.133959141503326,197.762829718787,5137.54293353764
"NE007007","Mirriah",18,0,43.2324476752052,0.5475,10688.290840776,24261.0568265771,18812.2779070583,6021.75998190208,176.008289700437,24.8206828950067,0.0839349802260032,151.18760680543,-13572.7659858011
"NE006012","Tillabéri",6,0,14.2846466696927,0.1229,-13661.0931900157,-21299.681568466,23619.7519822093,5695.37780951141,172.897963974596,26.7392627030789,0.0549303796967509,146.158701271517,7638.58837845033
"NE002005","N'Gourti",3,0,0,0.3283,-22143.2612879408,-40211.5790401118,25501.5765503234,5719.40133540509,115.166308244809,14.2232696947809,0.0474934142044691,100.943038550028,18068.317752171
"NE005003","Birni N'Konni",4,0,63.061767560433,0.5815,47882.9251643172,55292.8168433651,44115.5611852322,6771.11578830788,92.1321348556782,12.2459230237614,0.0163885089139147,79.8862118319168,-7409.89167904791
"NE006008","Kollo",8,0,5.3246971789536,0.2165,-17071.1976746333,-18647.2074670754,15188.4661057517,5792.61330221312,88.9712977099479,31.0642401144563,0.123240166664118,57.9070575954916,1576.0097924421
"NE004004","Gazaoua",5,0,0,0.4203,-24274.3158707799,-40235.1080760416,14827.1851962945,5470.76145659507,61.0817840355397,13.5969846191433,0.128537730838112,47.4847994163964,15960.7922052617
"NE003004","Dosso",13,0,17.0463674272263,0.1515,-22736.1888686326,-23302.764330812,15581.0841253331,5501.04295763029,68.5298851771467,23.6068256947376,0.117830125982307,44.9230594824091,566.57546217944
"NE001002","Arlit",10,0,54.1578017469209,0.4942,98212.3946247121,227456.140466113,46898.6623916903,20212.6272041081,47.752284801627,8.88638449711119,0.0145285607556566,38.8659003045158,-129243.745841401
"NE004001","Aguié",4,0,0,0.5773,-28135.603738253,-39089.158524501,13177.1537951275,5398.86975785627,46.834444775791,13.8116806849968,0.157361208753324,33.0227640907942,10953.554786248
"NE001006","Tchirozerine",18,0,61.6845595552859,0.5702,34883.1108095701,24518.8498838318,20767.8233065804,6660.41298403924,59.5354680950151,27.1644592450123,0.069925449223837,32.3710088500028,10364.2609257383
"NE004006","Madarounfa",11,0,7.02269387977176,0.4279,-18592.0183779078,-29657.2515389598,8641.51486583342,4893.73466748288,46.4797026884494,16.5009716461896,0.302761700814568,29.9787310422598,11065.233161052
"NE006010","Say",4,0,11.8687329131701,0.233,-27564.6692435169,-17559.2653834919,17089.6688553149,5694.17748103767,61.9984542688982,32.4283354495626,0.0999326029890995,29.5701188193356,-10005.403860025
"NE005001","Abalak",6,0,18.1673523383046,0.2446,-38838.3719162181,-39449.4142828149,16664.9948214681,5743.11986358749,42.9085824128204,14.5581879173535,0.104551380023908,28.3503944954669,611.042366596841
"NE002003","Goudoumaria",9,0,0,0.5462,-26565.7643119672,-37115.1218694491,10461.5902638375,5182.00931315939,39.3799709317032,13.9619892166511,0.228562426844971,25.4179817150521,10549.3575574819
"NE002004","Maïné Soroa",10,0,13.7687823097827,0.3757,-24398.0232072323,-25317.9770010661,11164.8507285395,5222.28476015636,45.7612923543329,20.6267853072797,0.206432282490056,25.1345070470532,919.953793833789
"NE005008","Malbaza",9,0,0,0.3389,-29374.7812119612,-36988.6185667113,11554.1411828303,5306.45482271453,39.3335395401193,14.3461827673937,0.195428815101188,24.9873567727256,7613.83735475006
"NE005007","Madaoua",10,0,19.2648371426663,0.1123,-32638.1692645956,-30619.6650463499,11515.6733038279,5324.27644111441,35.2828408066367,17.3884215684753,0.196479685435692,17.8944192381614,-2018.50421824571
"NE006006","Filingué",9,0,10.8749912730814,0.1762,-35550.5668070083,-36919.6794377649,10739.5600601806,5172.30543296784,30.2092512855898,14.0096163123159,0.219446696773762,16.1996349732739,1369.11263075659
"NE004003","Dakoro",11,0,6.24739080604901,0.4464,-34752.8268564092,-33630.4509290219,9871.96686812648,5086.94787827203,28.4062269492931,15.1260174566443,0.249660525705887,13.2802094926488,-1122.37592738731
"NE006001","Abala",4,0,0,0.1714,-46563.114511909,-44419.1758235419,9188.54346621069,4990.60983748062,19.7335241908284,11.2352598735874,0.277491219447479,8.49826431724103,-2143.93868836712
"NE007005","Kantché",8,0,4.00309187913601,0.1638,-36542.4501750481,-36779.1439499438,7025.07626790834,4563.30052599759,19.224425932734,12.4073048905331,0.396517333960548,6.81712104220089,236.693774895663
"NE002001","Bosso",4,0,0,0.1228,-35762.2057630366,-39747.7096747894,5941.42971847854,4237.41073436889,16.6137115754184,10.6607670455451,0.478781498216813,5.95294452987331,3985.50391175281
"NE004007","Ville de Maradi",8,0,100,0.4543,86594.8269018925,79438.4825981459,13111.228244281,7409.24914881211,15.1408908746193,9.32702753940198,0.158695902287011,5.81386333521732,7156.34430374662
"NE007006","Magaria",7,0,8.3280346590396,0.4767,-40679.1961433707,-37645.6500875564,7186.96192067706,4588.70889373042,17.6674138184716,12.1892141138697,0.385667077421438,5.47819970460192,-3033.54605581426
"NE006007","Gothèye",5,0,0,0.1694,-35536.8875888905,-39131.8373997683,5700.1939728862,4153.39666649477,16.040217249268,10.6138554754379,0.499493543730848,5.42636177383008,3594.94981087781
"NE005013","Ville de Tahoua",4,0,100,0.2158,60332.8636269354,71224.6741007733,8225.49197180396,6361.211099981,13.6335182474775,8.93119018134185,0.323988594547688,4.70232806613565,-10891.8104738379
"NE004009","Tessaoua",12,0,8.33482131941885,0.3971,-43113.5738971186,-34981.8252948415,7857.14656890071,4757.310857565,18.2242988893709,13.5993785843603,0.344371695816085,4.62492030501064,-8131.74860227705
"NE003003","Dogondoutchi",11,0,12.7676301089981,0.3863,-43866.9918655146,-40041.906967,6544.35497781053,4437.11920831464,14.918631753629,11.0811885457189,0.430887498266022,3.83744320791006,-3825.0848985146
"NE003008","Tibiri",7,0,0,0.264,-42059.1072769158,-45471.2199662875,5057.69869112295,3880.49478960206,12.0252164598341,8.53395794632093,0.559011545505424,3.49125851351317,3412.11268937166
"NE005006","Keita",6,0,0,0.4977,-42641.7563080122,-43050.9581513667,5284.38148899041,3986.93705161739,12.3925043115485,9.26097170148771,0.53729644973384,3.13153261006079,409.20184335448
"NE007008","Takeita",4,0,0,0.2872,-49694.1276610645,-51512.9450495838,5373.01225252654,4016.73867388926,10.8121673634616,7.79753258141803,0.52901665906449,3.01463478204357,1818.8173885193
"NE004005","Guidan Roumdji",13,0,3.7455730763904,0.5971,-40414.0556218044,-39469.21013019,5053.46067784495,3885.12938771635,12.5042156747032,9.84344347125561,0.559424808295865,2.66077220344759,-944.845491614375
"NE007004","Gouré",9,0,0,0.2033,-46324.697867452,-46213.9276326152,4971.14600016833,3845.35607492497,10.7310921150359,8.32077313465806,0.567503771559735,2.41031898037784,-110.770234836775
"NE006013","Torodi",3,0,0,0.3211,-47161.671132323,-49415.5543046572,3847.31809296741,3260.33249776533,8.15772215147522,6.59778594744621,0.686589331179499,1.55993620402901,2253.88317233422
"NE003001","Boboye",9,0,0,0.3267,-46906.2594986792,-47726.7774393172,3731.81104006137,3187.34790688378,7.95589134573062,6.67832206131322,0.699556592103917,1.2775692844174,820.517940637998
"NE007009","Tanout",13,0,3.13900048310293,0.4326,-52095.2904730359,-50467.6039721218,4197.71318810602,3457.57236179986,8.05775944426057,6.85107294515075,0.647916801301271,1.20668649910982,-1627.68650091409
"NE005005","Illéla",7,0,9.54081254026979,0.4454,-44040.4828646213,-43058.3980365696,3667.26298947451,3151.06865656247,8.32702720528185,7.3181279384483,0.706839498064395,1.00889926683355,-982.084828051717
"NE003007","Loga",6,0,9.74442350604354,0.121,-49506.6583769914,-48338.0768254765,3446.80966952962,3018.03436631213,6.96231533803452,6.24359627961343,0.731859300844432,0.718719058421089,-1168.58155151493
"NE008001","Ville de Niamey",49,0,100,0.2372,145844.683409441,135153.315101239,7524.75307564205,6185.55892991995,5.15942912674932,4.57669789696725,0.36414430558307,0.58273122978207,10691.3683082015
"NE003002","Dioundiou",3,0,0,0.4388,-45951.4166818188,-46718.1092504449,2487.05069368371,2309.03964234463,5.41234824359124,4.94249377680593,0.839805213689159,0.469854466785309,766.692568626051
"NE006009","Ouallam",6,0,0,0.333,-51323.7877799424,-51721.6193118461,2690.92913692499,2469.34947579001,5.24304470368148,4.77430813003267,0.817455353645781,0.46873657364881,397.83153190367
"NE004002","Bermo",5,0,0,0.5448,-49331.4176181521,-47879.2251383337,3054.70881091985,2742.16467764369,6.1922177760321,5.72725366737028,0.77653831871607,0.464964108661816,-1452.1924798184
"NE004008","Mayahi",11,0,0,0.372,-51802.8320733445,-51960.2623030251,2456.36289645288,2284.95438180473,4.74175406660213,4.39750355469568,0.843117745024897,0.344250511906446,157.430229680584
"NE006004","Banibangou",2,0,0,0.2844,-45707.3330406185,-46389.9814355233,2094.78039895417,1986.00119821794,4.58302915440858,4.28109935973622,0.880805175964428,0.301929794672359,682.648394904805
"NE005004","Bouza",9,0,0,0.5511,-51536.8818668681,-51324.6421232055,2378.33304593598,2221.55915454601,4.61481750502441,4.32844548475005,0.851469695345996,0.28637202027436,-212.239743662634
"NE007002","Damagaram Takaya",7,0,0,0.1609,-51310.5992495369,-51435.8670181472,1880.91134836456,1801.44862513927,3.66573646746395,3.50231993659929,0.901629413583286,0.163416530864655,125.267768610291
"NE007003","Dungass",9,0,0,0.3805,-48136.3570118888,-48330.9420911363,1755.31747493319,1690.20399457825,3.64655238554853,3.49714679964459,0.913225901702892,0.149405585903942,194.585079247496
"NE006011","Téra",9,0,4.10935255948579,0.5289,-44916.3728756843,-44764.0843814433,1791.70334556639,1722.38094294979,3.98897602556936,3.84768496161578,0.909918569697378,0.141291063953576,-152.288494241009
"NE005011","Tchintabaraden",4,0,0,0.2082,-61115.734677309,-61016.7600561916,1306.82109859335,1280.31776132468,2.13827274677031,2.09830505609542,0.94996866504799,0.0399676906748949,-98.9746211174279
"NE005009","Tahoua",8,0,0,0.4792,-55142.2759777956,-55145.1989370839,742.420402194308,737.39608645749,1.34637243209414,1.33719000143385,0.983286007955157,0.0091824306602919,2.92295928827662
"NE001001","Aderbissinat",3,0,0,0.2438,-68608.3531440956,-68548.3970060299,319.024128722634,318.618941126087,0.464993129994826,0.464808741038918,0.996871136479703,0.000184388955908388,-59.9561380656669
"NE003005","Falmey",2,0,0,0.5499,-48287.3687015876,-48287.3834821495,10.8968325346592,10.896816407089,0.022566631455942,0.0225665911492537,0.999996338158868,4.03066882856407e-08,0.01478056194901
"NE005002","Bagaroua",1,1,0,0.1736,-51421.2916666667,-51421.2916666667,4.83169060316875e-12,4.83169060316875e-12,9.39628400330684e-15,9.39628400330683e-15,1,1.26217744835362e-29,0
"NE006002","Ayerou",1,1,0,0.3073,-28641.5454545455,-28641.5454545455,1.81898940354585e-12,1.81898940354585e-12,6.35087728220747e-15,6.35087728220746e-15,1,1.10440526730942e-29,0
"NE006003","Balleyara",1,1,0,0.3069,-50872.0416666667,-50872.0416666667,2.41584530158438e-12,2.41584530158437e-12,4.74886641549386e-15,4.74886641549385e-15,1,6.31088724176809e-30,0
"NE005012","Tillia",1,1,0,0.2591,-59930.88,-59930.88,2.3874235921539e-12,2.3874235921539e-12,3.98362846024271e-15,3.98362846024271e-15,1,3.94430452610506e-30,0
"NE007011","Ville de Zinder",1,1,0,0.292,-31960.4761904762,-31960.4761904762,9.09494701772926e-13,9.09494701772926e-13,2.84568570365652e-15,2.84568570365652e-15,1,3.54987407349455e-30,0
"NE001005","Ingall",1,1,0,0.5415,-61256,-61256,1.13686837721616e-13,1.13686837721616e-13,1.85592983090009e-16,1.85592983090009e-16,1,2.2186712959341e-31,0
"NE007010","Tesker",1,1,0,0.1474,-68333.4375,-68333.4375,0,0,0,0,1,0,0
"NE007001","Belbedji",1,1,0,0.4995,-65559.9473684211,-65559.9473684211,7.95807864051304e-13,7.95807864051304e-13,1.21386287816733e-15,1.21386287816733e-15,1,-1.77493703674728e-30,0
"NE001004","Iferouane",1,1,0,0.3045,-32861.85,-32861.85,5.91171556152406e-12,5.91171556152406e-12,1.79896005901191e-14,1.79896005901191e-14,1,-1.26217744835362e-29,0
