"cluster","LATNUM","LONGNUM","dept_id","wealth_mean","n_hh","dept_name"
1,13.830305,9.477322,"NE007002",-50821.2105263158,19,"Damagaram Takaya"
2,13.81678,9.003385,"NE007011",-31960.4761904762,21,"Ville de Zinder"
3,14.618994,8.526407,"NE007009",-59507.96,25,"Tanout"
4,14.260228,7.717057,"NE004008",-53447.3913043478,23,"Mayahi"
5,14.036117,11.582362,"NE002003",2248.88,25,"Goudoumaria"
6,14.421501,6.056261,"NE005004",-51886.5416666667,24,"Bouza"
7,14.472875,5.242637,"NE005005",-20178.0833333333,24,"Illéla"
8,13.795873,4.084311,"NE003003",-56259.3846153846,13,"Dogondoutchi"
9,13.625732,12.723801,"NE002002",-52811.7619047619,21,"Diffa"
10,14.041834,6.047022,"NE005007",-59001.0416666667,24,"Madaoua"
11,13.93857,3.209863,"NE006006",-56564.6666666667,21,"Filingué"
12,14.05319,5.984054,"NE005007",-47085.4,25,"Madaoua"
13,14.425622,6.065801,"NE005004",-39979.5416666667,24,"Bouza"
14,14.513605,5.481203,"NE005006",-2064.70833333333,24,"Keita"
15,13.554312,2.104359,"NE008001",219358.4,25,"Ville de Niamey"
16,15.501639,7.951191,"NE007001",-65559.9473684211,19,"Belbedji"
17,14.785805,7.533823,"NE004003",-54078.125,24,"Dakoro"
18,13.507581,2.129718,"NE008001",222150.25,20,"Ville de Niamey"
19,13.802641,9.315335,"NE007007",-52094.4347826087,23,"Mirriah"
20,16.963079,8.001711,"NE001006",5295.41666666667,24,"Tchirozerine"
21,13.766867,7.979774,"NE004009",122854.708333333,24,"Tessaoua"
22,12.943482,3.310956,"NE003004",-54466.4545454545,22,"Dosso"
23,13.098556,2.368993,"NE006010",-23637.6666666667,21,"Say"
24,13.865838,8.453234,"NE004009",-58532.6956521739,23,"Tessaoua"
25,13.512132,2.119883,"NE008001",192880.24,25,"Ville de Niamey"
26,14.823653,8.883408,"NE007009",-57120.5,24,"Tanout"
27,13.652924,8.641508,"NE007005",-47677.68,25,"Kantché"
28,13.518032,2.122797,"NE008001",82096.44,25,"Ville de Niamey"
29,15.319232,5.334692,"NE005011",-61060.76,25,"Tchintabaraden"
30,13.712981,9.14896,"NE007007",99959.32,25,"Mirriah"
31,13.534513,2.095603,"NE008001",122195.727272727,22,"Ville de Niamey"
32,14.481675,5.222166,"NE005005",-42013.68,25,"Illéla"
33,13.888014,1.235421,"NE006007",-37252.2272727273,22,"Gothèye"
34,13.712949,9.155118,"NE007007",65325.347826087,23,"Mirriah"
35,13.331473,12.560429,"NE002002",-47637.625,24,"Diffa"
36,15.078166,5.172603,"NE005009",-54818.25,24,"Tahoua"
37,14.374932,4.888981,"NE005002",-51421.2916666667,24,"Bagaroua"
38,13.468095,7.913569,"NE004004",-29947.4347826087,23,"Gazaoua"
39,13.644878,4.069094,"NE003003",-48460.9090909091,22,"Dogondoutchi"
40,13.298328,8.757253,"NE007005",-38885.8695652174,23,"Kantché"
41,14.105708,9.54517,"NE007002",-51597.05,20,"Damagaram Takaya"
42,13.501267,7.094106,"NE004007",46664.4583333333,24,"Ville de Maradi"
43,14.259683,6.201667,"NE005004",-51334.8,25,"Bouza"
44,14.968218,6.675877,"NE004002",-52539.0454545455,22,"Bermo"
45,13.824816,6.494614,"NE004005",-44237.24,25,"Guidan Roumdji"
46,14.205015,0.92055,"NE006011",-51256.92,25,"Téra"
47,13.598013,7.023896,"NE004005",-54163.8,25,"Guidan Roumdji"
48,13.295456,7.171589,"NE004006",-28255.04,25,"Madarounfa"
49,13.902066,0.85249,"NE006011",-33916.0454545455,22,"Téra"
50,16.91929,7.523116,"NE001006",-62300.1875,16,"Tchirozerine"
51,13.693184,9.14088,"NE007007",123360.625,24,"Mirriah"
52,13.869444,8.118876,"NE004009",-53667.75,20,"Tessaoua"
53,16.980045,7.997477,"NE001006",136668.75,24,"Tchirozerine"
54,13.478408,12.872801,"NE002002",-49152.0909090909,22,"Diffa"
55,13.521946,2.102579,"NE008001",133091.363636364,22,"Ville de Niamey"
56,13.882846,8.732608,"NE007008",-29823.4,20,"Takeita"
57,13.557095,10.7539,"NE002003",-53463.44,25,"Goudoumaria"
58,17.119175,7.957052,"NE001006",-43780.375,24,"Tchirozerine"
59,13.485565,2.103007,"NE008001",139153.125,24,"Ville de Niamey"
60,13.500916,2.12155,"NE008001",215007.4,25,"Ville de Niamey"
61,15.474205,6.265393,"NE005001",-58487.380952381,21,"Abalak"
62,13.109801,3.708891,"NE003004",-22123.6818181818,22,"Dosso"
63,18.740097,7.373584,"NE001002",122775.826086957,23,"Arlit"
64,13.386857,12.292988,"NE002002",-50059.375,24,"Diffa"
65,13.575376,13.226436,"NE002001",-52001.2916666667,24,"Bosso"
66,13.169375,12.423276,"NE002002",-1451.20833333333,24,"Diffa"
67,13.840251,13.128241,"NE002002",-47861.375,16,"Diffa"
68,13.241467,8.706651,"NE007006",-49019.4285714286,21,"Magaria"
69,14.102718,6.423261,"NE005007",101031.565217391,23,"Madaoua"
70,13.723153,9.147496,"NE007007",124303.04,25,"Mirriah"
71,13.499926,7.771147,"NE004001",-54362.9130434783,23,"Aguié"
72,13.529998,2.113681,"NE008001",170004.916666667,24,"Ville de Niamey"
73,11.892701,3.458534,"NE003006",31063.6,20,"Gaya"
74,14.692306,5.647455,"NE005006",-37674.68,25,"Keita"
75,13.51417,2.230192,"NE006008",-49370,24,"Kollo"
76,13.970366,4.028644,"NE003003",-1185.88888888889,18,"Dogondoutchi"
77,13.793321,8.123532,"NE004009",-45449.12,25,"Tessaoua"
78,13.524996,2.100801,"NE008001",184055.956521739,23,"Ville de Niamey"
79,13.796516,5.248909,"NE005003",96881.8333333333,24,"Birni N'Konni"
80,14.144197,8.770645,"NE007009",-47841.5454545455,11,"Tanout"
81,13.063426,9.825957,"NE007003",-44279.9545454545,22,"Dungass"
82,14.157227,5.997536,"NE005007",-37970.9583333333,24,"Madaoua"
83,14.629319,2.741258,"NE006009",-54162.75,24,"Ouallam"
84,13.483629,8.275754,"NE004009",-42659.3913043478,23,"Tessaoua"
85,14.454017,6.056464,"NE005004",-60419.24,25,"Bouza"
86,13.300796,7.163617,"NE004006",14399.5652173913,23,"Madarounfa"
87,13.67118,1.708603,"NE006008",-50660.2,15,"Kollo"
88,13.325378,12.607103,"NE002002",48532.5909090909,22,"Diffa"
89,13.113381,1.819584,"NE006013",-54895.2608695652,23,"Torodi"
90,13.276775,7.168079,"NE004006",-56546.5652173913,23,"Madarounfa"
91,13.805226,5.261272,"NE005003",93619.125,24,"Birni N'Konni"
92,14.076138,8.132208,"NE004009",-58174.36,25,"Tessaoua"
93,14.249344,13.100357,"NE002006",61460.4117647059,17,"N'Guigmi"
94,14.490116,8.630487,"NE007009",-56999.24,25,"Tanout"
95,15.187581,5.476521,"NE005009",-53799.4,25,"Tahoua"
96,13.968513,7.808704,"NE004008",-56266,23,"Mayahi"
97,13.70927,9.151336,"NE007007",84420.0909090909,22,"Mirriah"
98,14.147104,5.397023,"NE005008",-48907.0909090909,22,"Malbaza"
99,13.505312,2.12921,"NE008001",161812.041666667,24,"Ville de Niamey"
100,18.763457,7.416619,"NE001002",3395.04761904762,21,"Arlit"
101,13.684246,11.525518,"NE002003",-1400.39130434783,23,"Goudoumaria"
102,14.177987,7.868095,"NE004008",-51424.4583333333,24,"Mayahi"
103,14.174452,7.097166,"NE004003",-54800.36,25,"Dakoro"
104,14.883724,2.619741,"NE006004",-42862.25,24,"Banibangou"
105,17.472184,8.215475,"NE001006",-52097.9523809524,21,"Tchirozerine"
106,14.003429,0.765309,"NE006011",-22774.7058823529,17,"Téra"
107,14.974681,4.492239,"NE005009",-54151.24,25,"Tahoua"
108,14.206253,0.925537,"NE006011",-46801.75,20,"Téra"
109,12.252528,3.288041,"NE003004",-53862.5,24,"Dosso"
110,15.889128,5.801793,"NE005011",-61991.32,25,"Tchintabaraden"
111,14.050894,13.148605,"NE002006",-64045.375,16,"N'Guigmi"
112,13.598227,6.78414,"NE004005",-55881.7391304348,23,"Guidan Roumdji"
113,13.213425,3.185546,"NE003004",-52316.2083333333,24,"Dosso"
114,13.438297,3.300791,"NE003004",-54527.5,24,"Dosso"
115,13.49378,2.094584,"NE008001",186266.375,24,"Ville de Niamey"
116,13.424679,7.177171,"NE004006",-38008.5652173913,23,"Madarounfa"
117,13.545613,2.132866,"NE008001",134202.1,20,"Ville de Niamey"
118,12.86885,3.691965,"NE003002",-51391.9166666667,24,"Dioundiou"
119,13.303655,12.599056,"NE002002",140025.8,20,"Diffa"
120,14.934658,5.502428,"NE005009",-57140.9130434783,23,"Tahoua"
121,17.827163,9.039308,"NE001006",-56179.6086956522,23,"Tchirozerine"
122,14.716127,5.10363,"NE005009",-59107.6,25,"Tahoua"
123,13.536183,2.092072,"NE008001",143220.260869565,23,"Ville de Niamey"
124,13.371717,8.567292,"NE007005",-27415.9583333333,24,"Kantché"
125,13.433101,7.869053,"NE004004",-52513.2173913043,23,"Gazaoua"
126,14.507777,9.074941,"NE007009",-61140.6956521739,23,"Tanout"
127,13.53832,2.101854,"NE008001",152531.260869565,23,"Ville de Niamey"
128,13.507786,9.570931,"NE007003",-49781.7826086957,23,"Dungass"
129,13.546029,3.079927,"NE003001",-24134.6666666667,24,"Boboye"
130,14.039138,4.427244,"NE003003",-52176.2857142857,21,"Dogondoutchi"
131,14.015018,7.12462,"NE004003",-4227.08695652174,23,"Dakoro"
132,14.471595,5.119461,"NE005005",-40150.875,24,"Illéla"
133,14.338065,2.047939,"NE006009",-54594.52,25,"Ouallam"
134,16.692028,7.81634,"NE001001",-69055.35,20,"Aderbissinat"
135,13.475021,3.500261,"NE003007",-53405.5,20,"Loga"
136,14.200307,1.461177,"NE006012",123475.32,25,"Tillabéri"
137,16.979053,8.007945,"NE001006",127201.318181818,22,"Tchirozerine"
138,14.836464,8.726521,"NE007009",-55842.375,24,"Tanout"
139,12.628321,3.773979,"NE003002",-42281,23,"Dioundiou"
140,15.340977,7.253144,"NE004002",-67636.5,12,"Bermo"
141,13.95968,5.592242,"NE005008",-54758.8333333333,24,"Malbaza"
142,13.084447,9.572421,"NE007003",-49205.9,20,"Dungass"
143,18.32019,8.982446,"NE001004",-32861.85,20,"Iferouane"
144,13.087091,2.37124,"NE006010",85747.6363636364,22,"Say"
145,13.058997,9.223496,"NE007003",-54350.875,24,"Dungass"
146,14.235156,13.111477,"NE002006",137687.941176471,17,"N'Guigmi"
147,18.731099,7.393027,"NE001002",323593.909090909,22,"Arlit"
148,14.358704,3.91125,"NE003003",-56126.05,20,"Dogondoutchi"
149,13.617797,7.021653,"NE004005",-27507.08,25,"Guidan Roumdji"
150,13.975312,4.864783,"NE005003",-55047.625,24,"Birni N'Konni"
151,13.948064,7.658365,"NE004008",-55557.9130434783,23,"Mayahi"
152,14.327824,3.463108,"NE006006",-56943.6818181818,22,"Filingué"
153,14.268518,6.324565,"NE005004",-52556.375,24,"Bouza"
154,14.050409,8.491822,"NE004009",-54191.88,25,"Tessaoua"
155,13.355682,7.791436,"NE004004",-47279.75,24,"Gazaoua"
156,13.310549,4.090268,"NE003008",-17251.4583333333,24,"Tibiri"
157,13.704859,9.149961,"NE007007",114117.625,24,"Mirriah"
158,14.73486,5.788451,"NE005006",-54958,25,"Keita"
159,13.392295,2.836031,"NE006008",-41124.625,24,"Kollo"
160,13.523014,2.134399,"NE008001",160808.16,25,"Ville de Niamey"
161,12.273765,3.532956,"NE003006",-7843.09523809524,21,"Gaya"
162,13.63836,8.591482,"NE007005",-52541.4166666667,24,"Kantché"
163,13.236104,9.126406,"NE007003",-52184.1304347826,23,"Dungass"
164,13.512934,2.11984,"NE008001",248914.869565217,23,"Ville de Niamey"
165,13.138165,9.402015,"NE007003",-52147.5416666667,24,"Dungass"
166,15.364128,7.073187,"NE004002",-418,21,"Bermo"
167,13.167921,2.776362,"NE003001",-49706.6086956522,23,"Boboye"
168,13.514974,7.237749,"NE004006",3125.69565217391,23,"Madarounfa"
169,14.278602,9.740195,"NE007002",-41439.9523809524,21,"Damagaram Takaya"
170,13.126015,1.764066,"NE006013",-41345.1666666667,24,"Torodi"
171,13.824261,9.246604,"NE007007",-35428.36,25,"Mirriah"
172,13.064872,2.70642,"NE003001",-54087.7142857143,21,"Boboye"
173,13.51833,2.101709,"NE008001",84739.64,25,"Ville de Niamey"
174,13.746035,12.957028,"NE002002",-47084.3181818182,22,"Diffa"
175,13.822947,6.651167,"NE004005",-45922.36,25,"Guidan Roumdji"
176,13.526463,2.106524,"NE008001",173684.565217391,23,"Ville de Niamey"
177,13.704152,9.143768,"NE007007",-21437.125,24,"Mirriah"
178,12.987427,8.918094,"NE007006",-53114.9090909091,22,"Magaria"
179,15.05199,13.618335,"NE002005",-60347.1,10,"N'Gourti"
180,14.771149,8.926069,"NE007009",-31333.1739130435,23,"Tanout"
181,14.197094,5.89744,"NE005007",-50959.04,25,"Madaoua"
182,13.910287,3.02942,"NE006006",-55951.32,25,"Filingué"
183,13.522168,2.102182,"NE008001",112446.619047619,21,"Ville de Niamey"
184,14.089936,6.565085,"NE004003",-25772.0833333333,24,"Dakoro"
185,11.89065,3.446637,"NE003006",27836.6086956522,23,"Gaya"
186,13.52045,2.124319,"NE008001",112557.24,25,"Ville de Niamey"
187,13.821103,10.170313,"NE007004",-51813.9090909091,22,"Gouré"
188,13.518319,7.760081,"NE004001",2222.4,25,"Aguié"
189,13.500315,12.03502,"NE002004",-55887.2916666667,24,"Maïné Soroa"
190,13.879158,9.101614,"NE007007",-51616.2,15,"Mirriah"
191,14.443592,6.928694,"NE004003",-51985.0434782609,23,"Dakoro"
192,13.206197,4.045542,"NE003008",-51443.4782608696,23,"Tibiri"
193,16.982223,7.98963,"NE001006",71194.9166666667,24,"Tchirozerine"
194,13.520737,2.104138,"NE008001",156338.52173913,23,"Ville de Niamey"
195,13.083795,2.979689,"NE003001",-48690.5909090909,22,"Boboye"
196,14.107008,6.42149,"NE005007",11117.5263157895,19,"Madaoua"
197,14.117057,8.181971,"NE004009",-55758.08,25,"Tessaoua"
198,13.498603,2.090407,"NE008001",30799.375,24,"Ville de Niamey"
199,17.076669,8.496116,"NE001006",-59241.6470588235,17,"Tchirozerine"
200,14.069786,11.378988,"NE002003",-50815.24,25,"Goudoumaria"
201,14.066741,9.642431,"NE007002",-55990.2380952381,21,"Damagaram Takaya"
202,13.062003,3.960976,"NE003008",-40264.2380952381,21,"Tibiri"
203,16.976847,8.003039,"NE001006",84380.4090909091,22,"Tchirozerine"
204,14.063156,2.961964,"NE006006",-33824.3913043478,23,"Filingué"
205,13.306534,2.343226,"NE006008",138630.416666667,24,"Kollo"
206,17.794837,9.21486,"NE001006",-56626.1304347826,23,"Tchirozerine"
207,13.052713,3.193492,"NE003004",-53958.96,25,"Dosso"
208,13.956525,9.111718,"NE007008",-57161.7619047619,21,"Takeita"
209,13.512294,2.125104,"NE008001",276156.56,25,"Ville de Niamey"
210,14.10359,5.724294,"NE005008",44598.2272727273,22,"Malbaza"
211,13.614411,11.833175,"NE002004",-56221.96,25,"Maïné Soroa"
212,14.923435,7.214377,"NE004002",-51927.7727272727,22,"Bermo"
213,14.700159,4.180977,"NE006001",-55526.2916666667,24,"Abala"
214,14.201221,7.521593,"NE004008",-49756.32,25,"Mayahi"
215,13.495116,2.098431,"NE008001",152878.666666667,24,"Ville de Niamey"
216,13.862143,2.518495,"NE006009",-28313.7,20,"Ouallam"
217,13.524201,2.087972,"NE008001",140046.375,24,"Ville de Niamey"
218,13.725977,1.89013,"NE006008",-16346.25,24,"Kollo"
219,12.637286,3.772118,"NE003002",-43060.4347826087,23,"Dioundiou"
220,14.98338,8.861958,"NE007009",-70771.25,16,"Tanout"
221,13.504932,7.093268,"NE004007",119570,22,"Ville de Maradi"
222,14.131415,5.410526,"NE005008",-42089.36,25,"Malbaza"
223,14.394213,5.315213,"NE005005",-44098.08,25,"Illéla"
224,12.669636,2.941776,"NE003005",-48299.5416666667,24,"Falmey"
225,14.031632,7.417007,"NE004008",-53808.7391304348,23,"Mayahi"
226,13.954912,5.607925,"NE005008",19985.7619047619,21,"Malbaza"
227,14.325318,2.465186,"NE006009",-49602,25,"Ouallam"
228,13.436818,7.853778,"NE004004",-45995.8695652174,23,"Gazaoua"
229,14.061025,9.22223,"NE007002",-55644.5217391304,23,"Damagaram Takaya"
230,13.523483,2.100069,"NE008001",121562.12,25,"Ville de Niamey"
231,16.965982,7.975275,"NE001006",91750.2916666667,24,"Tchirozerine"
232,13.651623,2.773802,"NE006003",-50872.0416666667,24,"Balleyara"
233,14.34817,3.301817,"NE006006",55437.8333333333,24,"Filingué"
234,14.234132,1.372729,"NE006012",-1871.5652173913,23,"Tillabéri"
235,13.335012,7.472375,"NE004006",-10396.04,25,"Madarounfa"
236,12.313789,3.394464,"NE003006",-53907.3636363636,22,"Gaya"
237,13.451805,10.215893,"NE007004",-43368.8095238095,21,"Gouré"
238,14.107654,6.900655,"NE004003",-55056.3333333333,24,"Dakoro"
239,12.918536,3.859719,"NE003008",-45518.625,24,"Tibiri"
240,13.425477,8.468324,"NE007005",111461.625,24,"Kantché"
241,13.674953,4.003282,"NE003003",-59008.3157894737,19,"Dogondoutchi"
242,13.790869,7.101914,"NE004005",-52225,24,"Guidan Roumdji"
243,13.407769,7.846485,"NE004004",22271.3181818182,22,"Gazaoua"
244,13.607769,12.857278,"NE002002",-21205,21,"Diffa"
245,13.704708,9.163737,"NE007007",130082.130434783,23,"Mirriah"
246,13.498272,7.103824,"NE004007",145540.56,25,"Ville de Maradi"
247,13.832131,2.413421,"NE006008",-53548.72,25,"Kollo"
248,13.072286,3.401657,"NE003004",-46237.2083333333,24,"Dosso"
249,13.316844,2.960285,"NE003001",-48615.7727272727,22,"Boboye"
250,13.519242,2.092713,"NE008001",181896.166666667,24,"Ville de Niamey"
251,13.812247,12.151089,"NE002004",-47111.75,24,"Maïné Soroa"
252,14.573431,3.496834,"NE006001",-56127.5789473684,19,"Abala"
253,13.931496,1.26598,"NE006007",-39332.9,20,"Gothèye"
254,13.58107,7.081051,"NE004005",26908.0833333333,24,"Guidan Roumdji"
255,14.246959,8.392895,"NE004009",-56066.84,25,"Tessaoua"
256,13.503078,2.122491,"NE008001",131386.333333333,24,"Ville de Niamey"
257,14.484393,1.302484,"NE006012",-49589,21,"Tillabéri"
258,13.823351,7.838407,"NE004008",-27313.48,25,"Mayahi"
259,13.489149,2.100551,"NE008001",150207.869565217,23,"Ville de Niamey"
260,14.523239,1.123867,"NE006012",-18298.1052631579,19,"Tillabéri"
261,13.052726,3.191654,"NE003004",92746.1428571429,21,"Dosso"
262,15.452386,6.275965,"NE005001",42482.2272727273,22,"Abalak"
263,13.625101,7.049829,"NE004005",-49916.2916666667,24,"Guidan Roumdji"
264,14.64698,8.643429,"NE007009",-60538.875,24,"Tanout"
265,13.548959,9.054937,"NE007007",-53764.4090909091,22,"Mirriah"
266,13.421588,9.240955,"NE007007",-55979.5833333333,24,"Mirriah"
267,11.94299,3.577544,"NE003006",-18115.5416666667,24,"Gaya"
268,14.206328,6.382831,"NE005007",-50380.52,25,"Madaoua"
269,13.954338,8.575511,"NE007008",-58028.1818181818,11,"Takeita"
270,13.136845,8.625158,"NE007006",1177.71428571429,21,"Magaria"
271,14.018616,0.734749,"NE006011",-49140.6111111111,18,"Téra"
272,13.202722,12.421522,"NE002002",-29434.72,25,"Diffa"
273,13.517323,2.105865,"NE008001",158476.956521739,23,"Ville de Niamey"
274,13.487429,7.092635,"NE004007",158444.291666667,24,"Ville de Maradi"
275,13.523895,2.101712,"NE008001",384116.789473684,19,"Ville de Niamey"
276,13.579593,2.253316,"NE006008",-21982.24,25,"Kollo"
277,14.508707,6.757373,"NE004003",95170.8260869565,23,"Dakoro"
278,15.153007,8.705353,"NE007009",-59238.4347826087,23,"Tanout"
279,13.413288,9.404278,"NE007006",-52300.4444444444,18,"Magaria"
280,14.342629,6.481703,"NE005007",-55289.36,25,"Madaoua"
281,13.433844,9.343279,"NE007006",-56364.45,20,"Magaria"
282,14.399007,10.005157,"NE007004",-30017.76,25,"Gouré"
283,18.738488,7.386716,"NE001002",115958.80952381,21,"Arlit"
284,13.648839,3.355205,"NE003007",-51223.7826086957,23,"Loga"
285,13.52994,2.156602,"NE008001",165556.304347826,23,"Ville de Niamey"
286,13.833192,6.348489,"NE004005",-55202.96,25,"Guidan Roumdji"
287,13.844635,9.5606,"NE007002",-53365.7142857143,14,"Damagaram Takaya"
288,13.504093,7.304144,"NE004006",-47887.0833333333,24,"Madarounfa"
289,14.972153,8.894275,"NE007009",52252.4782608696,23,"Tanout"
290,17.255836,7.832805,"NE001006",118371.681818182,22,"Tchirozerine"
291,13.086258,2.867057,"NE003001",-55296.625,24,"Boboye"
292,13.324955,7.252235,"NE004006",-12376.2,25,"Madarounfa"
293,13.606774,4.32202,"NE003003",-55399,22,"Dogondoutchi"
294,13.539274,2.108282,"NE008001",95923.5714285714,21,"Ville de Niamey"
295,13.306895,12.614954,"NE002002",142063.75,20,"Diffa"
296,13.134411,9.412546,"NE007003",-45161.6818181818,22,"Dungass"
297,14.247936,13.116521,"NE002006",37770.1176470588,17,"N'Guigmi"
298,13.510716,11.245093,"NE002003",-54085.8333333333,24,"Goudoumaria"
299,14.137747,13.151089,"NE002006",-5568.61111111111,18,"N'Guigmi"
300,14.607342,7.197283,"NE004003",-53948.6666666667,24,"Dakoro"
301,14.673587,0.220349,"NE006011",-50471.55,20,"Téra"
302,13.713386,9.165685,"NE007007",184541.590909091,22,"Mirriah"
303,16.060052,5.641464,"NE005011",-55818.08,25,"Tchintabaraden"
304,14.572969,6.010363,"NE005004",-54763.8,25,"Bouza"
305,13.272085,12.483332,"NE002002",-45975.08,25,"Diffa"
306,13.771147,10.041179,"NE007004",-4180.38095238095,21,"Gouré"
307,14.085247,5.355033,"NE005008",-53027.4166666667,24,"Malbaza"
308,15.348176,8.82919,"NE007009",-58199.5238095238,21,"Tanout"
309,12.302839,3.345624,"NE003006",-38012.96,25,"Gaya"
310,15.020116,8.256112,"NE007009",-57723.9583333333,24,"Tanout"
311,14.231576,6.167519,"NE005007",-50418.8636363636,22,"Madaoua"
312,15.09829,5.324351,"NE005009",-51302.6666666667,24,"Tahoua"
313,14.665053,6.627271,"NE004002",-51255.0909090909,22,"Bermo"
314,14.474292,6.84487,"NE004003",-45153.380952381,21,"Dakoro"
315,13.710383,11.450671,"NE002003",-49828.72,25,"Goudoumaria"
316,13.527881,2.109854,"NE008001",66154,24,"Ville de Niamey"
317,15.465924,6.238791,"NE005001",-66138.04,25,"Abalak"
318,13.99119,5.484381,"NE005008",-32961.2083333333,24,"Malbaza"
319,18.738543,7.381234,"NE001002",66847.7916666667,24,"Arlit"
320,13.926454,1.284336,"NE006007",-43654.6666666667,21,"Gothèye"
321,14.135007,2.161705,"NE006009",-55422.5263157895,19,"Ouallam"
322,13.502438,2.118318,"NE008001",109881.217391304,23,"Ville de Niamey"
323,13.089596,2.014161,"NE006010",-54054.6956521739,23,"Say"
324,14.253184,13.117546,"NE002006",68285.2777777778,18,"N'Guigmi"
325,12.73632,2.176214,"NE006010",-47697.6666666667,18,"Say"
326,13.20826,12.023665,"NE002004",42351.4166666667,24,"Maïné Soroa"
327,12.522884,3.039091,"NE003004",-48923.9583333333,24,"Dosso"
328,15.502528,9.873878,"NE007010",-68333.4375,16,"Tesker"
329,13.050633,3.193665,"NE003004",73586.1739130435,23,"Dosso"
330,13.505048,7.116594,"NE004007",71960.4090909091,22,"Ville de Maradi"
331,13.258125,2.983477,"NE003001",-52890.1428571429,21,"Boboye"
332,13.443923,3.817348,"NE003004",-54416.619047619,21,"Dosso"
333,13.620169,4.257075,"NE003003",-56402.6956521739,23,"Dogondoutchi"
334,13.532503,2.10108,"NE008001",56953.32,25,"Ville de Niamey"
335,14.865054,5.556903,"NE005009",-54537.3043478261,23,"Tahoua"
336,14.405052,5.431918,"NE005005",-38757.8,25,"Illéla"
337,13.505624,2.130556,"NE008001",177450.142857143,21,"Ville de Niamey"
338,14.457238,6.068761,"NE005004",-53891.7083333333,24,"Bouza"
339,14.191368,10.293844,"NE007004",-49453,22,"Gouré"
340,14.488503,2.022277,"NE006009",-54341.32,25,"Ouallam"
341,16.976698,8.001248,"NE001006",-12780.48,25,"Tchirozerine"
342,14.896667,5.269874,"NE005013",70250,25,"Ville de Tahoua"
343,14.762743,6.206465,"NE005006",-53939.0869565217,23,"Keita"
344,18.726908,7.374038,"NE001002",138993.5,24,"Arlit"
345,13.760098,3.245558,"NE003007",-53575.2272727273,22,"Loga"
346,14.276995,7.992252,"NE004008",-57060.44,25,"Mayahi"
347,13.97739,2.829528,"NE006006",-51351.3043478261,23,"Filingué"
348,13.370808,11.931204,"NE002004",-37900.375,24,"Maïné Soroa"
349,13.205559,12.019772,"NE002004",65738.24,25,"Maïné Soroa"
350,14.00068,6.342702,"NE005007",-52087.9565217391,23,"Madaoua"
351,13.491011,3.69218,"NE003004",-57345.5909090909,22,"Dosso"
352,13.490148,12.116649,"NE002004",-15248.625,24,"Maïné Soroa"
353,14.194077,10.716512,"NE007004",-56511.2173913043,23,"Gouré"
354,13.857026,11.245375,"NE002003",8965.56,25,"Goudoumaria"
355,13.337201,7.170628,"NE004006",-35640.68,25,"Madarounfa"
356,13.337703,8.474368,"NE007005",-54907.0434782609,23,"Kantché"
357,13.29863,12.61521,"NE002002",130446.086956522,23,"Diffa"
358,14.91676,5.862721,"NE005006",-32209.5416666667,24,"Keita"
359,13.624698,13.169906,"NE002001",-27302.9047619048,21,"Bosso"
360,13.817691,13.40776,"NE002001",-43177.3636363636,22,"Bosso"
361,13.982476,5.389533,"NE005008",-39816.15,20,"Malbaza"
362,14.09323,9.413296,"NE007002",-49584.6,20,"Damagaram Takaya"
363,14.928819,7.462562,"NE004003",-55237,23,"Dakoro"
364,14.670091,0.244334,"NE006011",-41656.9473684211,19,"Téra"
365,15.887656,5.806604,"NE005011",-64144.12,25,"Tchintabaraden"
366,13.801841,5.259669,"NE005003",177746.347826087,23,"Birni N'Konni"
367,13.507565,7.103024,"NE004007",37375.4,25,"Ville de Maradi"
368,14.59212,13.631731,"NE002005",-55686.2105263158,19,"N'Gourti"
369,12.998145,4.040672,"NE003008",-51663.0434782609,23,"Tibiri"
370,13.540987,2.098873,"NE008001",117855.56,25,"Ville de Niamey"
371,17.961667,9.262598,"NE001006",-49959,10,"Tchirozerine"
372,12.756731,2.604898,"NE003005",-48266.4347826087,23,"Falmey"
373,14.456919,5.226551,"NE005005",-54084,25,"Illéla"
374,13.767306,11.862951,"NE002004",-58922.9583333333,24,"Maïné Soroa"
375,13.489178,4.140428,"NE003003",-55206.45,20,"Dogondoutchi"
376,15.002088,3.352319,"NE006001",-60981.4210526316,19,"Abala"
377,13.168832,12.430391,"NE002002",-62715.96,25,"Diffa"
378,14.850397,6.160115,"NE005001",-61821.92,25,"Abalak"
379,14.427468,6.468384,"NE005004",-58405.8333333333,24,"Bouza"
380,13.952033,10.296373,"NE007004",-68795.9444444444,18,"Gouré"
381,13.770329,7.98819,"NE004009",19347.4,25,"Tessaoua"
382,13.613087,3.235985,"NE003007",-17431.5,18,"Loga"
383,14.270113,1.387005,"NE006012",-55932.3043478261,23,"Tillabéri"
384,13.763777,10.872287,"NE002003",-49549.24,25,"Goudoumaria"
385,13.492161,7.089754,"NE004007",66340.7272727273,22,"Ville de Maradi"
386,13.959652,5.588993,"NE005008",-48278.3,20,"Malbaza"
387,14.412576,3.498366,"NE006006",-50902.5263157895,19,"Filingué"
388,14.587548,10.346394,"NE007004",-59650.8666666667,15,"Gouré"
389,13.431598,8.61156,"NE007005",-33894.5,22,"Kantché"
390,14.545061,1.111649,"NE006012",-44424.05,20,"Tillabéri"
391,14.33245,7.169301,"NE004003",-54676.9523809524,21,"Dakoro"
392,13.644047,4.015487,"NE003003",-10515,18,"Dogondoutchi"
393,13.632134,7.358695,"NE004005",-29366,24,"Guidan Roumdji"
394,18.734636,7.388881,"NE001002",120483.28,25,"Arlit"
395,13.522677,2.105594,"NE008001",203283.434782609,23,"Ville de Niamey"
396,16.98206,7.988516,"NE001006",130817.5,24,"Tchirozerine"
397,14.205479,0.927019,"NE006011",-42722.96,25,"Téra"
398,13.308742,4.112273,"NE003008",-45265.48,25,"Tibiri"
399,13.94462,7.791825,"NE004008",-54202.88,25,"Mayahi"
400,13.247352,9.73801,"NE007003",-36324,20,"Dungass"
401,13.703105,9.149503,"NE007007",108069.36,25,"Mirriah"
402,14.368769,5.633584,"NE005005",-56283.9583333333,24,"Illéla"
403,13.655324,6.695431,"NE004005",38933,23,"Guidan Roumdji"
404,13.491706,2.086769,"NE008001",133616.708333333,24,"Ville de Niamey"
405,14.67985,9.875133,"NE007004",-39101.9130434783,23,"Gouré"
406,15.289126,5.931099,"NE005001",-58247.2083333333,24,"Abalak"
407,13.322694,12.604863,"NE002002",109591.333333333,24,"Diffa"
408,14.323503,7.701917,"NE004008",-55714.125,24,"Mayahi"
409,13.145988,1.823137,"NE006013",-53193.7,20,"Torodi"
410,12.997745,8.919123,"NE007006",10660.1363636364,22,"Magaria"
411,18.881673,7.931223,"NE001002",-66817.0909090909,22,"Arlit"
412,13.703406,2.050304,"NE006008",34133.2727272727,22,"Kollo"
413,13.500639,7.325612,"NE004006",17261.92,25,"Madarounfa"
414,13.499003,2.125692,"NE008001",204532.708333333,24,"Ville de Niamey"
415,13.642452,4.02512,"NE003003",24385.8,20,"Dogondoutchi"
416,16.25028,7.729385,"NE001001",-68609.347826087,23,"Aderbissinat"
417,13.696293,12.455944,"NE002002",-56691.7826086957,23,"Diffa"
418,13.97591,8.799948,"NE007008",-52218.1666666667,24,"Takeita"
419,14.712402,4.765462,"NE005009",-56273.6666666667,21,"Tahoua"
421,13.488616,7.091719,"NE004007",96642.25,24,"Ville de Maradi"
422,13.935212,1.245267,"NE006007",-46993.8260869565,23,"Gothèye"
423,13.533424,9.106018,"NE007007",-55171.45,20,"Mirriah"
424,13.5749,8.330611,"NE004009",-57592.15,20,"Tessaoua"
425,13.709122,9.144019,"NE007007",37474.0909090909,22,"Mirriah"
426,15.075536,6.247119,"NE005001",-45811.2083333333,24,"Abalak"
427,13.653457,11.844887,"NE002004",-2732.78260869565,23,"Maïné Soroa"
428,15.463391,13.211367,"NE002005",27658.6363636364,11,"N'Gourti"
429,13.443726,9.204301,"NE007007",-60336.1304347826,23,"Mirriah"
430,13.049808,3.190845,"NE003004",132304.5,24,"Dosso"
432,13.538984,7.355555,"NE004005",-43729.5,24,"Guidan Roumdji"
433,14.828225,5.970724,"NE005006",-54332.9523809524,21,"Keita"
434,13.144635,8.871188,"NE007006",-45966.1818181818,22,"Magaria"
435,18.741517,7.38391,"NE001002",430611.958333333,24,"Arlit"
436,14.226064,0.952831,"NE006011",-48633.6666666667,18,"Téra"
437,14.889776,5.276935,"NE005013",41543.4,25,"Ville de Tahoua"
438,13.0817,2.911136,"NE003001",-53291.95,20,"Boboye"
439,13.478523,6.968447,"NE004006",-47833.5416666667,24,"Madarounfa"
440,13.915756,1.263004,"NE006007",1071.26315789474,19,"Gothèye"
441,18.750433,7.395965,"NE001002",464997.130434783,23,"Arlit"
442,13.131415,9.076385,"NE007003",-43135.6363636364,22,"Dungass"
443,13.699271,13.309248,"NE002001",-25146.4347826087,23,"Bosso"
444,15.632772,7.857766,"NE001001",-67899.0434782609,23,"Aderbissinat"
445,15.840418,4.251351,"NE005012",-59930.88,25,"Tillia"
446,13.531224,2.095351,"NE008001",151323.5,22,"Ville de Niamey"
447,13.469632,11.427572,"NE002003",-58139.88,25,"Goudoumaria"
448,17.886644,6.925594,"NE001005",-61256,14,"Ingall"
449,13.790177,3.484271,"NE003007",-52953.0833333333,24,"Loga"
450,13.522348,2.098533,"NE008001",342372.95,20,"Ville de Niamey"
451,13.842445,6.964267,"NE004005",-52013.36,25,"Guidan Roumdji"
452,13.406338,12.821821,"NE002002",1652.09090909091,22,"Diffa"
453,13.519557,2.932115,"NE003001",-48520.5652173913,23,"Boboye"
454,13.741673,3.722536,"NE003007",-53814.56,25,"Loga"
455,13.561873,8.319851,"NE004009",-58150.5454545455,22,"Tessaoua"
457,15.022004,4.10833,"NE006001",-16264.1428571429,21,"Abala"
458,14.39346,13.283211,"NE002006",-61538.3529411765,17,"N'Guigmi"
459,14.38402,5.952663,"NE005004",-41061.96,25,"Bouza"
460,13.508208,2.125476,"NE008001",153541.625,24,"Ville de Niamey"
461,13.348458,8.457025,"NE007005",-44424.652173913,23,"Kantché"
463,14.477713,3.618573,"NE006006",-43479.9565217391,23,"Filingué"
464,13.520557,2.133127,"NE008001",76217.6666666667,21,"Ville de Niamey"
465,13.892522,7.823618,"NE004008",-56638.52,25,"Mayahi"
466,13.512628,2.12128,"NE008001",158674.75,20,"Ville de Niamey"
467,14.973511,2.440743,"NE006004",-48790.52,25,"Banibangou"
468,16.986658,7.998353,"NE001006",106033.791666667,24,"Tchirozerine"
469,13.488562,7.791818,"NE004001",-49223.9565217391,23,"Aguié"
470,13.527398,2.103059,"NE008001",123606.291666667,24,"Ville de Niamey"
471,14.876967,5.274417,"NE005013",53425.6086956522,23,"Ville de Tahoua"
472,11.898409,3.455539,"NE003006",50288.0434782609,23,"Gaya"
473,16.976186,7.981682,"NE001006",91528.2083333333,24,"Tchirozerine"
474,13.373384,11.942577,"NE002004",-36422.2916666667,24,"Maïné Soroa"
475,13.512743,2.124134,"NE008001",45136.2272727273,22,"Ville de Niamey"
476,14.704985,0.938332,"NE006002",-28641.5454545455,22,"Ayerou"
477,13.923074,3.013597,"NE006006",-57104.8333333333,24,"Filingué"
478,13.521668,7.79066,"NE004001",-35823.44,25,"Aguié"
479,13.106934,3.997192,"NE003008",-51973.0416666667,24,"Tibiri"
480,14.879456,5.259664,"NE005013",77277.64,25,"Ville de Tahoua"
